regression_tree_DispFrames_X_port.csv_nmae,time_to_train_regression_tree_s,random_forest_DispFrames_X_port.csv_nmae,time_to_train_random_forest_s,
0.1085947478271705, 3.3876404762268066,0.10300752139947182, 3.3876404762268066
0.10843898943958133, 3.2734487056732178,0.10300752139947182, 3.2734487056732178
0.10843379749332836, 3.2319207191467285,0.10300752139947182, 3.2319207191467285
0.10776403642669492, 3.4122655391693115,0.10300752139947182, 3.4122655391693115
0.1072967612639274, 3.477393627166748,0.10300752139947182, 3.477393627166748
0.10840264581581052, 3.5431110858917236,0.10300752139947182, 3.5431110858917236
