regression_tree_noAudioPlayed_X_port.csv_nmae,time_to_train_regression_tree_s,random_forest_noAudioPlayed_X_port.csv_nmae,time_to_train_random_forest_s,
0.0196078431372549, 0.001359701156616211,0.01650326797385619, 0.001359701156616211
0.0196078431372549, 0.0017447471618652344,0.01650326797385619, 0.0017447471618652344
