regression_tree_noAudioPlayed_X_flow.csv_nmae,time_to_train_regression_tree_s,random_forest_noAudioPlayed_X_flow.csv_nmae,time_to_train_random_forest_s,
0.050980392156862744, 0.0008234977722167969,0.04248366013071891, 0.0008234977722167969
0.050980392156862744, 0.001093149185180664,0.04248366013071891, 0.001093149185180664
