regression_tree_noAudioPlayed_X_nmae,time_to_train_regression_tree_s,random_forest_noAudioPlayed_X_nmae,time_to_train_random_forest_s,
0.16216216216216214,0.022432804107666016, 0.18789414414414413,0.022432804107666016,
0.2027027027027027,0.02123546600341797, 0.18789414414414413,0.02123546600341797,
0.1858108108108108,0.02402782440185547, 0.18789414414414413,0.02402782440185547,
0.19932432432432431,0.033612728118896484, 0.18789414414414413,0.033612728118896484,
0.1858108108108108,0.02808070182800293, 0.18789414414414413,0.02808070182800293,
0.22297297297297297,0.02921581268310547, 0.18789414414414413,0.02921581268310547,
0.1891891891891892,0.03023242950439453, 0.18789414414414413,0.03023242950439453,
