regression_tree_noAudioPlayed_X_flow.csv_nmae,time_to_train_regression_tree_s,random_forest_noAudioPlayed_X_flow.csv_nmae,time_to_train_random_forest_s,
0.10948905109489052, 0.0011448860168457031,0.09641119221411193, 0.0011448860168457031
0.06934306569343066, 0.0009396076202392578,0.09641119221411193, 0.0009396076202392578
