regression_tree_noAudioPlayed_X_nmae,time_to_train_regression_tree_s,random_forest_noAudioPlayed_X_nmae,time_to_train_random_forest_s,
0.09854014598540146,0.020059585571289062, 0.08972019464720195,0.020059585571289062,
0.10218978102189782,0.025350332260131836, 0.08972019464720195,0.025350332260131836,
0.08394160583941607,0.022815227508544922, 0.08972019464720195,0.022815227508544922,
0.09124087591240877,0.03630352020263672, 0.08972019464720195,0.03630352020263672,
0.11678832116788321,0.020723581314086914, 0.08972019464720195,0.020723581314086914,
0.13503649635036497,0.02980351448059082, 0.08972019464720195,0.02980351448059082,
0.10948905109489052,0.02604985237121582, 0.08972019464720195,0.02604985237121582,
